{
    "100 words": {
        "n": 500,
        "mean": 7.898,
        "std": 6.418067933576272,
        "standard_error": 0.28731217965334205,
        "mean_confidence_level": 0.47392582716701814
    },
    "20 words": {
        "n": 500,
        "mean": 4.92,
        "std": 5.4313534224905675,
        "standard_error": 0.2431407717141234,
        "mean_confidence_level": 0.33149814384155846
    },
    "400 words": {
        "n": 500,
        "mean": 9.707,
        "std": 7.675653131818817,
        "standard_error": 0.28150546825472966,
        "mean_confidence_level": 0.5225842036136065,
        "mean_diff": 5.241,
        "std_diff": 6.28835582644621
    },
    "1.0 ml": {
        "accuracy": 0.6078431372549019,
        "confusion_matrix": [
            [
                1,
                1,
                1,
                4,
                3,
                3,
                0,
                2,
                1,
                1,
                1
            ],
            [
                0,
                6,
                0,
                0,
                0,
                0,
                0,
                0,
                0,
                0,
                0
            ],
            [
                1,
                0,
                8,
                0,
                0,
                0,
                0,
                2,
                0,
                0,
                1
            ],
            [
                1,
                0,
                0,
                13,
                0,
                0,
                0,
                0,
                0,
                0,
                0
            ],
            [
                2,
                2,
                0,
                1,
                12,
                6,
                0,
                3,
                1,
                0,
                0
            ],
            [
                5,
                0,
                0,
                0,
                0,
                20,
                0,
                0,
                0,
                2,
                0
            ],
            [
                0,
                0,
                0,
                0,
                0,
                0,
                6,
                0,
                0,
                0,
                0
            ],
            [
                1,
                0,
                0,
                0,
                0,
                0,
                1,
                5,
                0,
                2,
                0
            ],
            [
                0,
                0,
                0,
                2,
                0,
                1,
                0,
                0,
                2,
                0,
                0
            ],
            [
                4,
                0,
                0,
                0,
                3,
                0,
                0,
                0,
                0,
                11,
                1
            ],
            [
                0,
                0,
                0,
                0,
                0,
                0,
                0,
                0,
                0,
                1,
                9
            ]
        ],
        "n": 763,
        "model_type": "LogisticRegression"
    }
}