{
    "100 words": {
        "n": 500,
        "mean": 7.898,
        "std": 6.418067933576272,
        "standard_error": 0.28731217965334205,
        "mean_confidence_level": 0.47392582716701814
    },
    "20 words": {
        "n": 500,
        "mean": 4.92,
        "std": 5.4313534224905675,
        "standard_error": 0.2431407717141234,
        "mean_confidence_level": 0.33149814384155846
    },
    "400 words": {
        "n": 500,
        "mean": 9.707,
        "std": 7.675653131818817,
        "standard_error": 0.34360942489074353,
        "mean_confidence_level": 0.5468448393239628
    }
}