{
    "100 words": {
        "n": 500,
        "mean": 7.898,
        "std": 6.418067933576272,
        "standard_error": 0.28731217965334205,
        "mean_confidence_level": 0.47392582716701814
    },
    "20 words": {
        "n": 500,
        "mean": 4.92,
        "std": 5.4313534224905675,
        "standard_error": 0.2431407717141234,
        "mean_confidence_level": 0.33149814384155846
    },
    "400 words": {
        "n": 500,
        "mean": 9.707,
        "std": 7.675653131818817,
        "standard_error": 0.28150546825472966,
        "mean_confidence_level": 0.5225842036136065,
        "mean_diff": 5.241,
        "std_diff": 6.28835582644621
    },
    "1.0 ml": {
        "accuracy": 0.6078431372549019,
        "confusion_matrix": "[[ 1,  1,  1,  4,  3,  3,  0,  2,  1,  1,  1],\n [ 0,  6,  0,  0,  0,  0,  0,  0,  0,  0,  0],\n [ 1,  0,  8,  0,  0,  0,  0,  2,  0,  0,  1],\n [ 1,  0,  0, 13,  0,  0,  0,  0,  0,  0,  0],\n [ 2,  2,  0,  1, 12,  6,  0,  3,  1,  0,  0],\n [ 5,  0,  0,  0,  0, 20,  0,  0,  0,  2,  0],\n [ 0,  0,  0,  0,  0,  0,  6,  0,  0,  0,  0],\n [ 1,  0,  0,  0,  0,  0,  1,  5,  0,  2,  0],\n [ 0,  0,  0,  2,  0,  1,  0,  0,  2,  0,  0],\n [ 4,  0,  0,  0,  3,  0,  0,  0,  0, 11,  1],\n [ 0,  0,  0,  0,  0,  0,  0,  0,  0,  1,  9]]",
        "n": 763,
        "model_type": "LogisticRegression"
    },
    "1.1 ml": {
        "n": 530,
        "model_type": "LogisticRegression",
        "accuracy": 0.9811320754716981,
        "confusion_matrix": "[[ 6,  0,  0,  0,  0,  0,  0,  0,  0,  0],\n [ 0, 13,  0,  0,  0,  0,  0,  0,  0,  0],\n [ 0,  0, 16,  0,  0,  0,  0,  0,  0,  0],\n [ 0,  0,  0,  9,  0,  0,  0,  0,  0,  0],\n [ 0,  0,  0,  0, 18,  0,  0,  1,  0,  0],\n [ 0,  0,  0,  0,  0,  6,  0,  0,  0,  0],\n [ 0,  0,  0,  0,  0,  0,  6,  0,  1,  0],\n [ 0,  0,  0,  0,  0,  0,  0,  5,  0,  0],\n [ 0,  0,  0,  0,  0,  0,  0,  0, 19,  0],\n [ 0,  0,  0,  0,  0,  0,  0,  0,  0,  6]]",
        "notes": "Model trained on questions classified by 1.0 ML with an accuracy of > 0.3"
    },
    "1.2 ml": {
        "n": 442,
        "model_type": "LogisticRegression",
        "accuracy": 0.6741573033707865,
        "confusion_matrix": "[[ 2,  1,  0,  0,  0,  0,  0,  0,  0,  0],\n [ 0,  9,  0,  0,  2,  0,  0,  0,  1,  0],\n [ 0,  1,  3,  0,  0,  0,  0,  0,  0,  0],\n [ 1,  1,  1, 14,  1,  0,  0,  2,  0,  0],\n [ 1,  2,  1,  0, 12,  1,  0,  0,  1,  0],\n [ 0,  0,  0,  1,  1,  0,  0,  1,  1,  0],\n [ 0,  0,  0,  0,  0,  0,  0,  1,  0,  2],\n [ 0,  1,  0,  0,  0,  0,  0,  2,  0,  0],\n [ 0,  0,  1,  0,  0,  0,  0,  0, 16,  0],\n [ 0,  1,  0,  0,  1,  0,  0,  0,  1,  2]]",
        "notes": "Model trained on hand-labeled questions."
    }
}